Name,hom_1,hom_2
Allison Hill,1,1
Noah Rhodes,1,1
Angie Henderson,1,1
Daniel Wagner,1,1
Cristian Santos,1,1
Connie Lawrence,1,1
Abigail Shaffer,2,1
Gina Moore,2,1
Gabrielle Davis,2,1
Ryan Munoz,2,1
Monica Herrera,2,2
Jamie Arnold,2,2
Lisa Hensley,3,2
Michele Williams,3,2
Dylan Miller,3,2
Brian Ramirez,3,2
Holly Wood,3,2
Derek Zuniga,3,2
Lisa Jackson,4,2
Carla Gray,4,2
Margaret Hawkins DDS,4,3
Patty Perez,4,3
Ethan Adams,4,3
Tommy Walter,4,3
Matthew Foster,5,3
Judy Baker,5,3
Justin Baker,5,3
Stephanie Ross,5,3
Zachary Hicks,5,3
Anthony Rodriguez,5,3
